"Hotel Name","Period","Price"
"Marcliffe Hotel and Spa"," - ",""
"Marcliffe Hotel and Spa"," - ",""
"Marcliffe Hotel and Spa"," - ",""
"Marcliffe Hotel and Spa"," - ",""
"Marcliffe Hotel and Spa"," - ",""
"Marcliffe Hotel and Spa"," - ",""
"Marcliffe Hotel and Spa"," - ",""
"Marcliffe Hotel and Spa"," - ",""
"Marcliffe Hotel and Spa"," - ",""
"Marcliffe Hotel and Spa"," - ",""
"Marcliffe Hotel and Spa"," - ",""
"Marcliffe Hotel and Spa"," - ",""
"Marcliffe Hotel and Spa"," - ",""
"Marcliffe Hotel and Spa"," - ",""
"Marcliffe Hotel and Spa"," - ",""
"Marcliffe Hotel and Spa"," - ",""
"Marcliffe Hotel and Spa"," - ",""
"Marcliffe Hotel and Spa"," - ",""
